/* xQuiz data seed */

/* EVENTS */
INSERT INTO public.events (id, active, created_at, created_by, deleted, updated_at, updated_by, version, end_date, location, logo, name, start_date)
VALUES ('1', true, '2022-08-04 15:54:12.000000', 'SYSTEM', false, '2022-08-04 15:54:26.000000', 'SYSTEM', 1, '2022-11-04 15:54:42.000000', 'AGADIR', 'https://svgshare.com/i/jt1.svg', 'DEVOXX MOROCCO', '2022-09-04 15:55:04.000000'),
       ('2', true, '2022-08-04 15:54:12.000000', 'SYSTEM', false, '2022-08-04 15:54:26.000000', 'SYSTEM', 1, '2022-11-04 15:54:42.000000', 'AGADIR', 'https://svgshare.com/i/jt1.svg', 'NAS', '2022-09-01 15:55:04.000000');

/* EVENT THEMES */
INSERT INTO public.event_themes (id, active, created_at, created_by, deleted, updated_at, updated_by, version, background_color, background_image, font_family, primary_color, secondary_color, event_id)
VALUES ('1', true, '2022-08-04 16:01:25.000000', null, false, null, null, 1, 'white', 'https://svgshare.com/i/k6A.svg', 'Poppins', '#E17D00', 'rgba(225, 125, 0, 0.5)', '1');

INSERT INTO public.event_themes (id, active, created_at, created_by, deleted, updated_at, updated_by, version, background_color, background_image, font_family, primary_color, secondary_color, event_id)
VALUES ('2', true, '2022-08-04 16:01:25.000000', null, false, null, null, 1, 'linear-gradient(116.52deg, rgba(225, 125, 0, 0.2) 0%, rgba(59, 58, 59, 0.2) 98.56%)', 'https://svgshare.com/i/mRs.svg', 'Poppins', '#E17D00', 'rgba(225, 125, 0, 0.5)', '1');

INSERT INTO public.event_themes (id, active, created_at, created_by, deleted, updated_at, updated_by, version, background_color, background_image, font_family, primary_color, secondary_color, event_id)
VALUES ('3', true, '2022-08-04 16:01:25.000000', null, false, null, null, 1, 'white', 'https://svgshare.com/i/kEs.svg', 'Poppins', '#E17D00', 'rgba(225, 125, 0, 0.5)', null );

INSERT INTO public.event_themes (id, active, created_at, created_by, deleted, updated_at, updated_by, version, background_color, background_image, font_family, primary_color, secondary_color, event_id)
VALUES ('4', true, '2022-08-04 16:01:25.000000', null, false, null, null, 1, 'linear-gradient(116.52deg, rgba(225, 125, 0, 0.2) 0%, rgba(59, 58, 59, 0.2) 98.56%)', 'https://svgshare.com/i/mRs.svg', 'Poppins', '#E17D00', 'rgba(225, 125, 0, 0.5)', null);

INSERT INTO public.event_themes (id, active, created_at, created_by, deleted, updated_at, updated_by, version, background_color, background_image, font_family, primary_color, secondary_color, event_id)
VALUES ('5', true, '2022-08-04 16:01:25.000000', null, false, null, null, 1, 'white', 'https://svgshare.com/i/k6A.svg', 'Poppins', '#E17D00', 'rgba(225, 125, 0, 0.5)', '2');

/* EVENT FORM SETUP */

INSERT INTO public.event_form_setup (id, active, created_at, created_by, deleted, updated_at, updated_by, version, form_name, form_title, submit_method, submit_url,theme_id)
VALUES ('1', true, null, null, false, null, null, 1, 'qr-code', 'registration form', 'POST', '/api/v1/quiz-instance','3' );

INSERT INTO public.event_form_setup (id, active, created_at, created_by, deleted, updated_at, updated_by, version, form_name, form_title, submit_method, submit_url,theme_id)
VALUES ('2', true, null, null, false, null, null, 1, 'Registration', 'registration form', 'POST', '/api/v1/quiz-instance','4' );

/* EVENT SETUP */
INSERT INTO public.event_setup (id, active, created_at, created_by, deleted, updated_at, updated_by, version, description, initialize_button_text, kind, submit_method, submit_url, title, event_id, form_setup_id)
VALUES ('1', true, '2022-08-04 18:24:36.000000', null, false, null, null, 1, 'This quiz is made for you in order to book your interview slot and possibily join our xFamily.', 'Register now', 'FORM', 'GET', 'https://devoxxma-registration-api.dev.x-hub.io/api/attendees/registration-code/{registrationCode}', 'Welcome to Devoxx Quiz', '1', '1');

INSERT INTO public.event_setup (id, active, created_at, created_by, deleted, updated_at, updated_by, version, description, initialize_button_text, kind, submit_method, submit_url, title, event_id, form_setup_id)
VALUES ('2', true, '2022-08-04 18:24:36.000000', null, false, null, null, 1, 'This quiz is made for you in order to book your interview slot and possibily join our xFamily.', 'Register now', 'FORM', null, null, 'Welcome to Devoxx Quiz', '2', '2');

/* EVENT FORM ELEMENTS */
INSERT INTO public.event_form_element (id, active, created_at, created_by, deleted, updated_at, updated_by, version, html_type, name,label, placeholder, required, type,inner_text, event_form_setup_id)
VALUES ('1', true, '2022-08-04 17:35:57.000000', null, false, null, null, 1, 'text', 'firstName','FIRST NAME', 'First name', true, 'input',null, '2');

INSERT INTO public.event_form_element (id, active, created_at, created_by, deleted, updated_at, updated_by, version, html_type, name,label, placeholder, required, type,inner_text, event_form_setup_id)
VALUES ('2', true, '2022-08-04 17:35:57.000000', null, false, null, null, 1, 'text','lastName', 'LAST NAME', 'Last name', true, 'input',null,  '2');

INSERT INTO public.event_form_element (id, active, created_at, created_by, deleted, updated_at, updated_by, version, html_type, name,label, placeholder, required, type,inner_text, event_form_setup_id)
VALUES ('3', true, '2022-08-04 17:35:57.000000', null, false, null, null, 1, 'email','email', 'EMAIL', 'xAtendee@x-hub.io', true, 'input',null,  '2');

INSERT INTO public.event_form_element (id, active, created_at, created_by, deleted, updated_at, updated_by, version, html_type, name,label, placeholder, required, type,inner_text, event_form_setup_id)
VALUES ('4', true, '2022-08-04 17:35:57.000000', null, false, null, null, 1, 'phone','phoneNumber', 'PHONE NUMBER', '+212 6 xx xx xx xx', true, 'input',null,  '2');

INSERT INTO public.event_form_element (id, active, created_at, created_by, deleted, updated_at, updated_by, version, html_type, name,label, placeholder, required, type,inner_text, event_form_setup_id)
VALUES ('5', true, '2022-08-04 17:35:57.000000', null, false, null, null, 1, 'submit', 'Register',null,null, null, 'button','Register now',  '2');

/* **************************** */
INSERT INTO public.event_form_element (id, active, created_at, created_by, deleted, updated_at, updated_by, version, html_type, name,label, placeholder, required, type,inner_text, event_form_setup_id)
VALUES ('6', true, '2022-08-04 17:35:57.000000', null, false, null, null, 1, 'text', 'registrationCode',null, 'Your registration code', true, 'input',null,  '1');

INSERT INTO public.event_form_element (id, active, created_at, created_by, deleted, updated_at, updated_by, version, html_type, name,label, placeholder, required, type,inner_text, event_form_setup_id)
VALUES ('7', true, '2022-08-04 17:35:57.000000', null, false, null, null, 1, 'submit', 'GO',null,null, null, 'button','GO',  '1');


/* Attendee */
insert into public.attendees(id, active, created_at, created_by, deleted, updated_at, updated_by, version, email, first_name, last_name, phone_number)
VALUES (1, true, '2022-04-06 01:27:07.8801', 'SYSTEM', false, '2022-04-16 01:27:07.8801', 'SYSTEM', 0, 'xhub@gmail.com', 'xhub', 'xhub', '0766539731');


/* SENIORITY LEVELS */
insert into public.seniority_levels(id, active, created_at, created_by, deleted, updated_at, updated_by, version, label)
VALUES (1, true, '2022-04-06 01:27:07.8801', 'SYSTEM', false, '2022-04-16 01:27:07.8801', 'SYSTEM', 0,'JUNIOR'),
       (2, true, '2022-04-06 01:27:07.8801', 'SYSTEM', false, '2022-04-16 01:27:07.8801', 'SYSTEM', 0,'INTERMEDIATE'),
       (3, true, '2022-04-06 01:27:07.8801', 'SYSTEM', false, '2022-04-16 01:27:07.8801', 'SYSTEM', 0, 'SENIOR');


/*  Quiz Instance */
insert into public.quiz_instance (id, active, created_at, created_by, deleted, updated_at, updated_by, version, end_date,last_question_index ,  start_date, status, final_score, attendee_event_attendee_id, attendee_event_event_id)
values (1, true, '2022-04-06 01:27:07.8801', 'SYSTEM', false, '2022-04-16 01:27:07.8801', 'SYSTEM', 0, '2022-04-16 01:27:07.8801', 3,  '2022-04-16 01:27:07.8801', 'OPENED', 1, 1, null);

/* themes modes seed */
insert into public.themes(id, active, created_at, created_by, deleted, updated_at, updated_by, version, label, icon)
VALUES (1, true, '2022-04-06 01:27:07.8801', 'SYSTEM', false, '2022-04-16 01:27:07.8801', 'SYSTEM', 0, 'Backend', 'https://res.cloudinary.com/dizlyig0d/image/upload/v1660154514/Backend_icon_ffaody.png'),
       (2, true, '2022-04-06 01:27:07.8802', 'SYSTEM', false, '2022-04-16 01:27:07.8802', 'SYSTEM', 0, 'Frontend', 'https://res.cloudinary.com/dizlyig0d/image/upload/v1660128579/Web_development_rdmwfh.png'),
       (3, true, '2022-04-06 01:27:07.8802', 'SYSTEM', false, '2022-04-16 01:27:07.8802', 'SYSTEM', 0, 'Fullstack','https://res.cloudinary.com/dizlyig0d/image/upload/v1661282875/fi-rs-layers_xov9iu.png'),
       (4, true, '2022-04-06 01:27:07.8802', 'SYSTEM', false, '2022-04-16 01:27:07.8802', 'SYSTEM', 0, 'DevOps', 'https://res.cloudinary.com/dizlyig0d/image/upload/v1661282808/Group_2_ywswmq.png'),
       (5, true, '2022-04-06 01:27:07.8802', 'SYSTEM', false, '2022-04-16 01:27:07.8802', 'SYSTEM', 0, 'UX/UI', 'https://res.cloudinary.com/dizlyig0d/image/upload/v1661336538/design_icon_kmpejb.png'),
       (6, true, '2022-04-06 01:27:07.8802', 'SYSTEM', false, '2022-04-16 01:27:07.8802', 'SYSTEM', 0, 'Agile methodologies', 'https://res.cloudinary.com/dizlyig0d/image/upload/v1661282912/file-icons_test-generic_wuom8u.png'),
       (7, true, '2022-04-06 01:27:07.8802', 'SYSTEM', false, '2022-04-16 01:27:07.8802', 'SYSTEM', 0, 'QA', 'https://res.cloudinary.com/dizlyig0d/image/upload/v1660155052/bxs_data_qupdkg.png'),
       (8, true, '2022-04-06 01:27:07.8802', 'SYSTEM', false, '2022-04-16 01:27:07.8802', 'SYSTEM', 0, 'Mobile', 'https://res.cloudinary.com/dizlyig0d/image/upload/v1660155135/phone_lzswzx.png');


insert into public.sub_themes (id, active, created_at, created_by, deleted, updated_at, updated_by, version,title, icon,theme_id)
values (1, true, '2022-04-06 01:27:07.8801', 'SYSTEM', false, '2022-04-16 01:27:07.8801', 'SYSTEM', 0,  'Spring', 'https://res.cloudinary.com/dizlyig0d/image/upload/v1661336412/Spring_Boot_kchrrv.png', 1),
       (2, true, '2022-04-06 01:27:07.8801', 'SYSTEM', false, '2022-04-16 01:27:07.8801', 'SYSTEM', 0,  'Java', 'https://res.cloudinary.com/dizlyig0d/image/upload/v1660134120/Java_sqfbla.png', 1);


insert into public.quiz_instructions (id, active, created_at, created_by, deleted, updated_at, updated_by, version,label, value, key)
values (1, true, '2022-08-10 01:27:07.8801', 'SYSTEM', false, '2022-08-10 01:27:07.8801', 'SYSTEM', 0,  'Total Number of questions:', '20', 'TOTAL_QUESTIONS'),
       (2, true, '2022-08-10 01:27:07.8801', 'SYSTEM', false, '2022-08-10 01:27:07.8801', 'SYSTEM', 0,   'Time limit:', '900', 'TIME_LIMIT'),
       (3, true, '2022-08-10 01:27:07.8801', 'SYSTEM', false, '2022-08-10 01:27:07.8801', 'SYSTEM', 0,   'Total Number of attempts:', '1', 'TOTAL_ATTEMPTS'),
       (4, true, '2022-08-10 01:27:07.8801', 'SYSTEM', false, '2022-08-10 01:27:07.8801', 'SYSTEM', 0,   'Pass Mark:', '80', 'PASS_TASK'),
       (5, true, '2022-08-10 01:27:07.8801', 'SYSTEM', false, '2022-08-10 01:27:07.8801', 'SYSTEM', 0,   'Questions must be answered or you can’t go to the next one.', null, null ),
       (6, true, '2022-08-10 01:27:07.8801', 'SYSTEM', false, '2022-08-10 01:27:07.8801', 'SYSTEM', 0,   'You are not allowed to go back and change your answers.', null, null);


insert into public.questions(id, active, created_at, created_by, deleted, updated_at, updated_by, version,is_multiple_choice , score, seniority_level_id, sub_theme_id, content)
VALUES (1, true, '2022-04-06 01:27:07.8801', 'SYSTEM', false, '2022-04-16 01:27:07.8801', 'SYSTEM', 0,false, 1, 1, 1, 'What do you mean by Dependency Injection?'),
       (2, true, '2022-04-06 01:27:07.8801', 'SYSTEM', false, '2022-04-16 01:27:07.8801', 'SYSTEM', 0,false, 1, 1, 1, 'If a bean is created once per Ioc Container, scope is?'),
       (3, true, '2022-04-06 01:27:07.8801', 'SYSTEM', false, '2022-04-16 01:27:07.8801', 'SYSTEM', 0,true, 1, 1, 1, 'Which of the following statement is correct?'),
       (4, true, '2022-04-06 01:27:07.8801', 'SYSTEM', false, '2022-04-16 01:27:07.8801', 'SYSTEM', 0,true, 1, 1, 1, 'What are the true annotation used in Spring test'),
       (5, true, '2022-04-06 01:27:07.8801', 'SYSTEM', false, '2022-04-16 01:27:07.8801', 'SYSTEM', 0,false, 1, 1, 1, 'Spring, which of the following about the scope of a stateful bean is correct?'),
       (6, true, '2022-04-06 01:27:07.8801', 'SYSTEM', false, '2022-04-16 01:27:07.8801', 'SYSTEM', 0,false, 1, 1, 1, 'How many modules are there in Spring Framework and what are they?'),
       (7, true, '2022-04-06 01:27:07.8801', 'SYSTEM', false, '2022-04-16 01:27:07.8801', 'SYSTEM', 0,true, 1, 1, 1, 'What is the difference between @Component, @Repository & @Service annotations in Spring?'),
       (8, true, '2022-04-06 01:27:07.8801', 'SYSTEM', false, '2022-04-16 01:27:07.8801', 'SYSTEM', 0,true, 1, 1, 1, 'What is @Lazy annotation used for ?'),
       (9, true, '2022-04-06 01:27:07.8801', 'SYSTEM', false, '2022-04-16 01:27:07.8801', 'SYSTEM', 0,true, 1, 1, 1, 'Which of the following statement is correct?'),
       (10, true, '2022-04-06 01:27:07.8801', 'SYSTEM', false, '2022-04-16 01:27:07.8801', 'SYSTEM', 0,true, 1, 1, 1, 'What are the types of advice in AOP?'),
       (11, true, '2022-04-06 01:27:07.8801', 'SYSTEM', false, '2022-04-16 01:27:07.8801', 'SYSTEM', 0,false, 1, 1, 1, '@Component annotation on class indicates ?'),
       (12, true, '2022-04-06 01:27:07.8801', 'SYSTEM', false, '2022-04-16 01:27:07.8801', 'SYSTEM', 0,false, 1, 1, 1, 'What does @ResponseEntity annotation? ?'),
       (13, true, '2022-04-06 01:27:07.8801', 'SYSTEM', false, '2022-04-16 01:27:07.8801', 'SYSTEM', 0,true, 1, 1, 1, 'What does @RequestMapping annotation?'),
       (14, true, '2022-04-06 01:27:07.8801', 'SYSTEM', false, '2022-04-16 01:27:07.8801', 'SYSTEM', 0,true, 1, 1, 1, 'What is annotations used for validation?'),
       (15, true, '2022-04-06 01:27:07.8801', 'SYSTEM', false, '2022-04-16 01:27:07.8801', 'SYSTEM', 0,true, 1, 1, 1, 'ClassPathXmlApplicationContext searches .xml file in ?'),
       (16, true, '2022-04-06 01:27:07.8801', 'SYSTEM', false, '2022-04-16 01:27:07.8801', 'SYSTEM', 0,true, 1, 1, 1, 'What is a Spring Bean?'),
       (17, true, '2022-04-06 01:27:07.8801', 'SYSTEM', false, '2022-04-16 01:27:07.8801', 'SYSTEM', 0,false, 1, 1, 1, 'How many types of scopes  Spring Bean?'),
       (18, true, '2022-04-06 01:27:07.8801', 'SYSTEM', false, '2022-04-16 01:27:07.8801', 'SYSTEM', 0,false, 1, 1, 1, 'What is @Embeddable used for ?'),
       (19, true, '2022-04-06 01:27:07.8801', 'SYSTEM', false, '2022-04-16 01:27:07.8801', 'SYSTEM', 0,true, 1, 1, 1, 'What is @Aspect used for ??'),
       (20, true, '2022-04-06 01:27:07.8801', 'SYSTEM', false, '2022-04-16 01:27:07.8801', 'SYSTEM', 0,false, 1, 1, 1, 'What is @Scope used for?');

insert into public.answers(id, active, created_at, created_by, deleted, updated_at, updated_by, version, content, is_correct, question_id)
values (1, true, '2022-04-06 01:27:07.8801', 'SYSTEM', false, '2022-04-16 01:27:07.8801', 'SYSTEM', 0, 'A design pattern which implements Inversion of Control for software applications', true, 1),
       (2, true, '2022-04-06 01:27:07.8801', 'SYSTEM', false, '2022-04-16 01:27:07.8801', 'SYSTEM', 0, 'One of the spring module ', false, 1),
       (3, true, '2022-04-06 01:27:07.8801', 'SYSTEM', false, '2022-04-16 01:27:07.8801', 'SYSTEM', 0, 'Singleton', true, 2),
       (4, true, '2022-04-06 01:27:07.8801', 'SYSTEM', false, '2022-04-16 01:27:07.8801', 'SYSTEM', 0, 'Spring is an open source framework.', true, 3),
       (5, true, '2022-04-06 01:27:07.8801', 'SYSTEM', false, '2022-04-16 01:27:07.8801', 'SYSTEM', 0, 'Spring is heavyweight.', true, 3),
       (6, true, '2022-04-06 01:27:07.8801', 'SYSTEM', false, '2022-04-16 01:27:07.8801', 'SYSTEM', 0, 'Spring not supports tight coupling.', false, 3),
       (7, true, '2022-04-06 01:27:07.8801', 'SYSTEM', false, '2022-04-16 01:27:07.8801', 'SYSTEM', 0, '@ExtendWith', true, 4),
       (8, true, '2022-04-06 01:27:07.8801', 'SYSTEM', false, '2022-04-16 01:27:07.8801', 'SYSTEM', 0, '@SpringJUnitConfig', true, 4),
       (9, true, '2022-04-06 01:27:07.8801', 'SYSTEM', false, '2022-04-16 01:27:07.8801', 'SYSTEM', 0, 'None of those', false, 5),
       (10, true, '2022-04-06 01:27:07.8801', 'SYSTEM', false, '2022-04-16 01:27:07.8801', 'SYSTEM', 0, '11', false, 6),
       (11, true, '2022-04-06 01:27:07.8801', 'SYSTEM', false, '2022-04-16 01:27:07.8801', 'SYSTEM', 0, '17', false, 6),
       (12, true, '2022-04-06 01:27:07.8801', 'SYSTEM', false, '2022-04-16 01:27:07.8801', 'SYSTEM', 0, '@Component This is a general-purpose stereotype annotation indicating that the class is a spring component.', true, 7),
       (13, true, '2022-04-06 01:27:07.8801', 'SYSTEM', false, '2022-04-16 01:27:07.8801', 'SYSTEM', 0, 'Explicitly defines a dependency to other beans in terms of creation order', true, 8),
       (14, true, '2022-04-06 01:27:07.8801', 'SYSTEM', false, '2022-04-16 01:27:07.8801', 'SYSTEM', 0, 'REST is an architectural style.', true, 9),
       (15, true, '2022-04-06 01:27:07.8801', 'SYSTEM', false, '2022-04-16 01:27:07.8801', 'SYSTEM', 0, '@Before', true, 10),
       (16, true, '2022-04-06 01:27:07.8801', 'SYSTEM', false, '2022-04-16 01:27:07.8801', 'SYSTEM', 0, '@After', true, 10),
       (17, true, '2022-04-06 01:27:07.8801', 'SYSTEM', false, '2022-04-16 01:27:07.8801', 'SYSTEM', 0, '@AfterThrowing', true, 10),
       (18, true, '2022-04-06 01:27:07.8801', 'SYSTEM', false, '2022-04-16 01:27:07.8801', 'SYSTEM', 0, ' that a bean should not be created for the class', false, 11),
       (19, true, '2022-04-06 01:27:07.8801', 'SYSTEM', false, '2022-04-16 01:27:07.8801', 'SYSTEM', 0, 'It can also be used to annotate other custom annotations that can then be used as qualifiers.', false, 12),
       (20, true, '2022-04-06 01:27:07.8801', 'SYSTEM', false, '2022-04-16 01:27:07.8801', 'SYSTEM', 0, 'The @RequestMapping annotation maps the request with the method. It is applied on the method', true, 13),
       (21, true, '2022-04-06 01:27:07.8801', 'SYSTEM', false, '2022-04-16 01:27:07.8801', 'SYSTEM', 0, '@Validated', true, 14),
       (22, true, '2022-04-06 01:27:07.8801', 'SYSTEM', false, '2022-04-16 01:27:07.8801', 'SYSTEM', 0, 'specific location within filesystem', false, 15),
       (23, true, '2022-04-06 01:27:07.8801', 'SYSTEM', false, '2022-04-16 01:27:07.8801', 'SYSTEM', 0, 'anywhere in project path (including jar file)', false, 15),
       (24, true, '2022-04-06 01:27:07.8801', 'SYSTEM', false, '2022-04-16 01:27:07.8801', 'SYSTEM', 0, 'anywhere in classpath (including jar file)', true, 15),
       (25, true, '2022-04-06 01:27:07.8801', 'SYSTEM', false, '2022-04-16 01:27:07.8801', 'SYSTEM', 0, 'Component', true, 16),
       (26, true, '2022-04-06 01:27:07.8801', 'SYSTEM', false, '2022-04-16 01:27:07.8801', 'SYSTEM', 0, '4', false, 17),
       (27, true, '2022-04-06 01:27:07.8801', 'SYSTEM', false, '2022-04-16 01:27:07.8801', 'SYSTEM', 0, '6', true, 17),
       (28, true, '2022-04-06 01:27:07.8801', 'SYSTEM', false, '2022-04-16 01:27:07.8801', 'SYSTEM', 0, '8', false, 17),
       (29, true, '2022-04-06 01:27:07.8801', 'SYSTEM', false, '2022-04-16 01:27:07.8801', 'SYSTEM', 0, 'is injected into annotated setters and fields', false, 18),
       (30, true, '2022-04-06 01:27:07.8801', 'SYSTEM', false, '2022-04-16 01:27:07.8801', 'SYSTEM', 0, 'Declares an annotated component as an aspect containing pointcuts and advices', true, 19),
       (31, true, '2022-04-06 01:27:07.8801', 'SYSTEM', false, '2022-04-16 01:27:07.8801', 'SYSTEM', 0, 'Annotated bean will be picked if multiple beans can be autowired', false, 20),
       (32, true, '2022-04-06 01:27:07.8801', 'SYSTEM', false, '2022-04-16 01:27:07.8801', 'SYSTEM', 0, 'Defines bean creation scope, e.g. prototype, singleton, etc.', true, 20),
       (33, true, '2022-04-06 01:27:07.8801', 'SYSTEM', false, '2022-04-16 01:27:07.8801', 'SYSTEM', 0, 'global-session', false, 2),
       (34, true, '2022-04-06 01:27:07.8801', 'SYSTEM', false, '2022-04-16 01:27:07.8801', 'SYSTEM', 0, 'Annotated field is not persistent', false, 18),
       (35, true, '2022-04-06 01:27:07.8801', 'SYSTEM', false, '2022-04-16 01:27:07.8801', 'SYSTEM', 0, 'Marks annotated class as a bean found by the component-scanning and loaded into the application context', false, 20),
       (36, true, '2022-04-06 01:27:07.8801', 'SYSTEM', false, '2022-04-16 01:27:07.8801', 'SYSTEM', 0, 'Explicitly defines a dependency to other beans in terms of creation order', true, 8),
       (37, true, '2022-04-06 01:27:07.8801', 'SYSTEM', false, '2022-04-16 01:27:07.8801', 'SYSTEM', 0, 'Annotated bean will be lazily initialized on the first usage', true, 8),
       (38, true, '2022-04-06 01:27:07.8801', 'SYSTEM', false, '2022-04-16 01:27:07.8801', 'SYSTEM', 0, 'represents an HTTP response, including headers, body, and status', true, 12),
       (39, true, '2022-04-06 01:27:07.8801', 'SYSTEM', false, '2022-04-16 01:27:07.8801', 'SYSTEM', 0, 'annotation tells a controller that the object returned is automatically serialized into JSON and passed back into the HttpResponse object.', false, 12),
       (40, true, '2022-04-06 01:27:07.8801', 'SYSTEM', false, '2022-04-16 01:27:07.8801', 'SYSTEM', 0, 'Declares a pointcut executed if the join point throws an exception', false, 19),
       (41, true, '2022-04-06 01:27:07.8801', 'SYSTEM', false, '2022-04-16 01:27:07.8801', 'SYSTEM', 0, 'Annotated fields and parameters values will be injected', false, 20),
       (42, true, '2022-04-06 01:27:07.8801', 'SYSTEM', false, '2022-04-16 01:27:07.8801', 'SYSTEM', 0, 'Declares a pointcut executed before the call giving control over the execution of the join point to the advice', true, 19),
       (43, true, '2022-04-06 01:27:07.8801', 'SYSTEM', false, '2022-04-16 01:27:07.8801', 'SYSTEM', 0, 'that a bean should be created for the class', true, 11),
       (44, true, '2022-04-06 01:27:07.8801', 'SYSTEM', false, '2022-04-16 01:27:07.8801', 'SYSTEM', 0, '@Valid', true, 14),
       (45, true, '2022-04-06 01:27:07.8801', 'SYSTEM', false, '2022-04-16 01:27:07.8801', 'SYSTEM', 0, 'Autowiring feature of spring framework enables you to inject the object dependency implicitly', false, 18),
       (46, true, '2022-04-06 01:27:07.8801', 'SYSTEM', false, '2022-04-16 01:27:07.8801', 'SYSTEM', 0, 'Instances of an annotated class are stored as part of an entity', true, 18),
       (47, true, '2022-04-06 01:27:07.8801', 'SYSTEM', false, '2022-04-16 01:27:07.8801', 'SYSTEM', 0, 'It tells to the Spring that any HTTP request should map to the corresponding method.', true, 13),
       (48, true, '2022-04-06 01:27:07.8801', 'SYSTEM', false, '2022-04-16 01:27:07.8801', 'SYSTEM', 0, 'sed to bind a web request parameter to a method parameter', false, 13),
       (49, true, '2022-04-06 01:27:07.8801', 'SYSTEM', false, '2022-04-16 01:27:07.8801', 'SYSTEM', 0, 'REST permits different data format such as Plain text, HTML, XML, JSON etc.', true, 9),
       (50, true, '2022-04-06 01:27:07.8801', 'SYSTEM', false, '2022-04-16 01:27:07.8801', 'SYSTEM', 0, 'Object', false, 16),
       (51, true, '2022-04-06 01:27:07.8801', 'SYSTEM', false, '2022-04-16 01:27:07.8801', 'SYSTEM', 0, ' Class', true, 16),
       (52, true, '2022-04-06 01:27:07.8801', 'SYSTEM', false, '2022-04-16 01:27:07.8801', 'SYSTEM', 0, 'A technique to get dependencies of any project', false, 1),
       (53, true, '2022-04-06 01:27:07.8801', 'SYSTEM', false, '2022-04-16 01:27:07.8801', 'SYSTEM', 0, 'Used to promote tight coupling in code.', false, 1),
       (54, true, '2022-04-06 01:27:07.8801', 'SYSTEM', false, '2022-04-16 01:27:07.8801', 'SYSTEM', 0, 'Spring using Dependency Injection and supports loose coupling.', true, 3),
       (55, true, '2022-04-06 01:27:07.8801', 'SYSTEM', false, '2022-04-16 01:27:07.8801', 'SYSTEM', 0, 'Container', false, 16),
       (56, true, '2022-04-06 01:27:07.8801', 'SYSTEM', false, '2022-04-16 01:27:07.8801', 'SYSTEM', 0, '@Transient', false, 4),
       (57, true, '2022-04-06 01:27:07.8801', 'SYSTEM', false, '2022-04-16 01:27:07.8801', 'SYSTEM', 0, '@RolesAllowed', false, 4),
       (58, true, '2022-04-06 01:27:07.8801', 'SYSTEM', false, '2022-04-16 01:27:07.8801', 'SYSTEM', 0, 'Prototype scope', false, 5),
       (59, true, '2022-04-06 01:27:07.8801', 'SYSTEM', false, '2022-04-16 01:27:07.8801', 'SYSTEM', 0, 'Singleton and Prototype', false, 5),
       (60, true, '2022-04-06 01:27:07.8801', 'SYSTEM', false, '2022-04-16 01:27:07.8801', 'SYSTEM', 0, 'Singleton scope', true, 5),
       (61, true, '2022-04-06 01:27:07.8801', 'SYSTEM', false, '2022-04-16 01:27:07.8801', 'SYSTEM', 0, 'SOAP uses URI to expose business logic.', false, 9),
       (62, true, '2022-04-06 01:27:07.8801', 'SYSTEM', false, '2022-04-16 01:27:07.8801', 'SYSTEM', 0, 'Prototype', false, 2),
       (63, true, '2022-04-06 01:27:07.8801', 'SYSTEM', false, '2022-04-16 01:27:07.8801', 'SYSTEM', 0, 'Request', false, 2),
       (64, true, '2022-04-06 01:27:07.8801', 'SYSTEM', false, '2022-04-16 01:27:07.8801', 'SYSTEM', 0, '20', true, 6),
       (65, true, '2022-04-06 01:27:07.8801', 'SYSTEM', false, '2022-04-16 01:27:07.8801', 'SYSTEM', 0, '8', false, 6),
       (66, true, '2022-04-06 01:27:07.8801', 'SYSTEM', false, '2022-04-16 01:27:07.8801', 'SYSTEM', 0, '@Repository This is to indicate that the class defines a database repository.', true, 7),
       (67, true, '2022-04-06 01:27:07.8801', 'SYSTEM', false, '2022-04-16 01:27:07.8801', 'SYSTEM', 0, '@Controller hold the business logic and call methods in the repository layer.', false, 7),
       (68, true, '2022-04-06 01:27:07.8801', 'SYSTEM', false, '2022-04-16 01:27:07.8801', 'SYSTEM', 0, '@Service indicate that the annotate classes at presentation layers level, mainly used in Spring MVC.', false, 7),
       (69, true, '2022-04-06 01:27:07.8801', 'SYSTEM', false, '2022-04-16 01:27:07.8801', 'SYSTEM', 0, '@AfterMapping', false, 10),
       (70, true, '2022-04-06 01:27:07.8801', 'SYSTEM', false, '2022-04-16 01:27:07.8801', 'SYSTEM', 0, '@NotEmpty', true, 14),
       (71, true, '2022-04-06 01:27:07.8801', 'SYSTEM', false, '2022-04-16 01:27:07.8801', 'SYSTEM', 0, '@Autowired', false, 14),
       (73, true, '2022-04-06 01:27:07.8801', 'SYSTEM', false, '2022-04-16 01:27:07.8801', 'SYSTEM', 0, 'SOAP is less preferred than REST..', true, 9),
       (74, true, '2022-04-06 01:27:07.8801', 'SYSTEM', false, '2022-04-16 01:27:07.8801', 'SYSTEM', 0, 'informs to the Spring to render the result back to the caller', false, 13),
       (75, true, '2022-04-06 01:27:07.8801', 'SYSTEM', false, '2022-04-16 01:27:07.8801', 'SYSTEM', 0, 'that autowiring should be enabled for the class', false, 11),
       (76, true, '2022-04-06 01:27:07.8801', 'SYSTEM', false, '2022-04-16 01:27:07.8801', 'SYSTEM', 0, 'that autowiring should not be enabled for the class', false, 11),
       (77, true, '2022-04-06 01:27:07.8801', 'SYSTEM', false, '2022-04-16 01:27:07.8801', 'SYSTEM', 0, 'in WEB_INF folder', true, 15),
       (78, true, '2022-04-06 01:27:07.8801', 'SYSTEM', false, '2022-04-16 01:27:07.8801', 'SYSTEM', 0, '12', false, 17),
       (72, true, '2022-04-06 01:27:07.8801', 'SYSTEM', false, '2022-04-16 01:27:07.8801', 'SYSTEM', 0, 'Specifies a list of security roles allowed to invoke protected method', false, 19);





